ano,bioma,lat,long,mes,focos
1998,Amazônia,0,0,JANEIRO,0
1998,Amazônia,0,0,FEVEREIRO,0
1998,Amazônia,0,0,MARÇO,0
1998,Amazônia,0,0,ABRIL,0
1998,Amazônia,0,0,MAIO,0
1998,Amazônia,0,0,JUNHO,1549
1998,Amazônia,0,0,JULHO,3192
1998,Amazônia,0,0,AGOSTO,20075
1998,Amazônia,0,0,SETEMBRO,19214
1998,Amazônia,0,0,OUTUBRO,8777
1998,Amazônia,0,0,NOVEMBRO,3833
1998,Amazônia,0,0,DEZEMBRO,2547
1999,Amazônia,0,0,JANEIRO,160
1999,Amazônia,0,0,FEVEREIRO,358
1999,Amazônia,0,0,MARÇO,130
1999,Amazônia,0,0,ABRIL,70
1999,Amazônia,0,0,MAIO,449
1999,Amazônia,0,0,JUNHO,1439
1999,Amazônia,0,0,JULHO,3675
1999,Amazônia,0,0,AGOSTO,21525
1999,Amazônia,0,0,SETEMBRO,16106
1999,Amazônia,0,0,OUTUBRO,12794
1999,Amazônia,0,0,NOVEMBRO,4449
1999,Amazônia,0,0,DEZEMBRO,1703
2000,Amazônia,0,0,JANEIRO,87
2000,Amazônia,0,0,FEVEREIRO,182
2000,Amazônia,0,0,MARÇO,405
2000,Amazônia,0,0,ABRIL,92
2000,Amazônia,0,0,MAIO,930
2000,Amazônia,0,0,JUNHO,3211
2000,Amazônia,0,0,JULHO,1510
2000,Amazônia,0,0,AGOSTO,12791
2000,Amazônia,0,0,SETEMBRO,10062
2000,Amazônia,0,0,OUTUBRO,10226
2000,Amazônia,0,0,NOVEMBRO,5497
2000,Amazônia,0,0,DEZEMBRO,3175
2001,Amazônia,0,0,JANEIRO,165
2001,Amazônia,0,0,FEVEREIRO,699
2001,Amazônia,0,0,MARÇO,1134
2001,Amazônia,0,0,ABRIL,617
2001,Amazônia,0,0,MAIO,916
2001,Amazônia,0,0,JUNHO,4227
2001,Amazônia,0,0,JULHO,1816
2001,Amazônia,0,0,AGOSTO,17679
2001,Amazônia,0,0,SETEMBRO,15528
2001,Amazônia,0,0,OUTUBRO,14292
2001,Amazônia,0,0,NOVEMBRO,8346
2001,Amazônia,0,0,DEZEMBRO,4256
2002,Amazônia,0,0,JANEIRO,590
2002,Amazônia,0,0,FEVEREIRO,667
2002,Amazônia,0,0,MARÇO,901
2002,Amazônia,0,0,ABRIL,405
2002,Amazônia,0,0,MAIO,1490
2002,Amazônia,0,0,JUNHO,5702
2002,Amazônia,0,0,JULHO,7529
2002,Amazônia,0,0,AGOSTO,43484
2002,Amazônia,0,0,SETEMBRO,48549
2002,Amazônia,0,0,OUTUBRO,27110
2002,Amazônia,0,0,NOVEMBRO,23660
2002,Amazônia,0,0,DEZEMBRO,9174
2003,Amazônia,0,0,JANEIRO,3704
2003,Amazônia,0,0,FEVEREIRO,1573
2003,Amazônia,0,0,MARÇO,1997
2003,Amazônia,0,0,ABRIL,1038
2003,Amazônia,0,0,MAIO,1983
2003,Amazônia,0,0,JUNHO,6848
2003,Amazônia,0,0,JULHO,15918
2003,Amazônia,0,0,AGOSTO,34765
2003,Amazônia,0,0,SETEMBRO,47789
2003,Amazônia,0,0,OUTUBRO,25341
2003,Amazônia,0,0,NOVEMBRO,19631
2003,Amazônia,0,0,DEZEMBRO,13813
2004,Amazônia,0,0,JANEIRO,2178
2004,Amazônia,0,0,FEVEREIRO,805
2004,Amazônia,0,0,MARÇO,1035
2004,Amazônia,0,0,ABRIL,1012
2004,Amazônia,0,0,MAIO,3131
2004,Amazônia,0,0,JUNHO,9179
2004,Amazônia,0,0,JULHO,19179
2004,Amazônia,0,0,AGOSTO,43320
2004,Amazônia,0,0,SETEMBRO,71522
2004,Amazônia,0,0,OUTUBRO,23928
2004,Amazônia,0,0,NOVEMBRO,26424
2004,Amazônia,0,0,DEZEMBRO,16924
2005,Amazônia,0,0,JANEIRO,4314
2005,Amazônia,0,0,FEVEREIRO,1048
2005,Amazônia,0,0,MARÇO,758
2005,Amazônia,0,0,ABRIL,832
2005,Amazônia,0,0,MAIO,1746
2005,Amazônia,0,0,JUNHO,2954
2005,Amazônia,0,0,JULHO,19364
2005,Amazônia,0,0,AGOSTO,63764
2005,Amazônia,0,0,SETEMBRO,68560
2005,Amazônia,0,0,OUTUBRO,26624
2005,Amazônia,0,0,NOVEMBRO,16790
2005,Amazônia,0,0,DEZEMBRO,6966
2006,Amazônia,0,0,JANEIRO,1973
2006,Amazônia,0,0,FEVEREIRO,879
2006,Amazônia,0,0,MARÇO,903
2006,Amazônia,0,0,ABRIL,709
2006,Amazônia,0,0,MAIO,843
2006,Amazônia,0,0,JUNHO,2522
2006,Amazônia,0,0,JULHO,6995
2006,Amazônia,0,0,AGOSTO,34208
2006,Amazônia,0,0,SETEMBRO,51028
2006,Amazônia,0,0,OUTUBRO,18309
2006,Amazônia,0,0,NOVEMBRO,17474
2006,Amazônia,0,0,DEZEMBRO,8579
2007,Amazônia,0,0,JANEIRO,1918
2007,Amazônia,0,0,FEVEREIRO,1761
2007,Amazônia,0,0,MARÇO,1431
2007,Amazônia,0,0,ABRIL,760
2007,Amazônia,0,0,MAIO,1176
2007,Amazônia,0,0,JUNHO,3519
2007,Amazônia,0,0,JULHO,6196
2007,Amazônia,0,0,AGOSTO,46385
2007,Amazônia,0,0,SETEMBRO,73141
2007,Amazônia,0,0,OUTUBRO,28731
2007,Amazônia,0,0,NOVEMBRO,16025
2007,Amazônia,0,0,DEZEMBRO,5437
2008,Amazônia,0,0,JANEIRO,938
2008,Amazônia,0,0,FEVEREIRO,527
2008,Amazônia,0,0,MARÇO,860
2008,Amazônia,0,0,ABRIL,569
2008,Amazônia,0,0,MAIO,383
2008,Amazônia,0,0,JUNHO,1248
2008,Amazônia,0,0,JULHO,5901
2008,Amazônia,0,0,AGOSTO,21445
2008,Amazônia,0,0,SETEMBRO,26469
2008,Amazônia,0,0,OUTUBRO,23518
2008,Amazônia,0,0,NOVEMBRO,15450
2008,Amazônia,0,0,DEZEMBRO,6145
2009,Amazônia,0,0,JANEIRO,1095
2009,Amazônia,0,0,FEVEREIRO,354
2009,Amazônia,0,0,MARÇO,584
2009,Amazônia,0,0,ABRIL,435
2009,Amazônia,0,0,MAIO,673
2009,Amazônia,0,0,JUNHO,1023
2009,Amazônia,0,0,JULHO,2327
2009,Amazônia,0,0,AGOSTO,9732
2009,Amazônia,0,0,SETEMBRO,20527
2009,Amazônia,0,0,OUTUBRO,19323
2009,Amazônia,0,0,NOVEMBRO,19104
2009,Amazônia,0,0,DEZEMBRO,6505
2010,Amazônia,0,0,JANEIRO,1697
2010,Amazônia,0,0,FEVEREIRO,1147
2010,Amazônia,0,0,MARÇO,1176
2010,Amazônia,0,0,ABRIL,633
2010,Amazônia,0,0,MAIO,1026
2010,Amazônia,0,0,JUNHO,1911
2010,Amazônia,0,0,JULHO,5868
2010,Amazônia,0,0,AGOSTO,45018
2010,Amazônia,0,0,SETEMBRO,43933
2010,Amazônia,0,0,OUTUBRO,14798
2010,Amazônia,0,0,NOVEMBRO,12167
2010,Amazônia,0,0,DEZEMBRO,5240
2011,Amazônia,0,0,JANEIRO,771
2011,Amazônia,0,0,FEVEREIRO,271
2011,Amazônia,0,0,MARÇO,427
2011,Amazônia,0,0,ABRIL,465
2011,Amazônia,0,0,MAIO,528
2011,Amazônia,0,0,JUNHO,1083
2011,Amazônia,0,0,JULHO,2445
2011,Amazônia,0,0,AGOSTO,8002
2011,Amazônia,0,0,SETEMBRO,16987
2011,Amazônia,0,0,OUTUBRO,9760
2011,Amazônia,0,0,NOVEMBRO,9815
2011,Amazônia,0,0,DEZEMBRO,7632
2012,Amazônia,0,0,JANEIRO,1203
2012,Amazônia,0,0,FEVEREIRO,438
2012,Amazônia,0,0,MARÇO,484
2012,Amazônia,0,0,ABRIL,473
2012,Amazônia,0,0,MAIO,855
2012,Amazônia,0,0,JUNHO,1875
2012,Amazônia,0,0,JULHO,3095
2012,Amazônia,0,0,AGOSTO,20687
2012,Amazônia,0,0,SETEMBRO,24067
2012,Amazônia,0,0,OUTUBRO,14814
2012,Amazônia,0,0,NOVEMBRO,13259
2012,Amazônia,0,0,DEZEMBRO,5469
2013,Amazônia,0,0,JANEIRO,1181
2013,Amazônia,0,0,FEVEREIRO,374
2013,Amazônia,0,0,MARÇO,738
2013,Amazônia,0,0,ABRIL,518
2013,Amazônia,0,0,MAIO,796
2013,Amazônia,0,0,JUNHO,1450
2013,Amazônia,0,0,JULHO,2531
2013,Amazônia,0,0,AGOSTO,9444
2013,Amazônia,0,0,SETEMBRO,16786
2013,Amazônia,0,0,OUTUBRO,10242
2013,Amazônia,0,0,NOVEMBRO,6615
2013,Amazônia,0,0,DEZEMBRO,8013
2014,Amazônia,0,0,JANEIRO,1573
2014,Amazônia,0,0,FEVEREIRO,473
2014,Amazônia,0,0,MARÇO,1010
2014,Amazônia,0,0,ABRIL,632
2014,Amazônia,0,0,MAIO,673
2014,Amazônia,0,0,JUNHO,1628
2014,Amazônia,0,0,JULHO,2766
2014,Amazônia,0,0,AGOSTO,20113
2014,Amazônia,0,0,SETEMBRO,20522
2014,Amazônia,0,0,OUTUBRO,13222
2014,Amazônia,0,0,NOVEMBRO,12169
2014,Amazônia,0,0,DEZEMBRO,7773
2015,Amazônia,0,0,JANEIRO,2042
2015,Amazônia,0,0,FEVEREIRO,1047
2015,Amazônia,0,0,MARÇO,572
2015,Amazônia,0,0,ABRIL,762
2015,Amazônia,0,0,MAIO,407
2015,Amazônia,0,0,JUNHO,1287
2015,Amazônia,0,0,JULHO,2817
2015,Amazônia,0,0,AGOSTO,20471
2015,Amazônia,0,0,SETEMBRO,29326
2015,Amazônia,0,0,OUTUBRO,19469
2015,Amazônia,0,0,NOVEMBRO,16935
2015,Amazônia,0,0,DEZEMBRO,11303
2016,Amazônia,0,0,JANEIRO,4657
2016,Amazônia,0,0,FEVEREIRO,1559
2016,Amazônia,0,0,MARÇO,2024
2016,Amazônia,0,0,ABRIL,1075
2016,Amazônia,0,0,MAIO,895
2016,Amazônia,0,0,JUNHO,1663
2016,Amazônia,0,0,JULHO,6120
2016,Amazônia,0,0,AGOSTO,18340
2016,Amazônia,0,0,SETEMBRO,20460
2016,Amazônia,0,0,OUTUBRO,14234
2016,Amazônia,0,0,NOVEMBRO,11610
2016,Amazônia,0,0,DEZEMBRO,5124
2017,Amazônia,0,0,JANEIRO,796
2017,Amazônia,0,0,FEVEREIRO,379
2017,Amazônia,0,0,MARÇO,736
2017,Amazônia,0,0,ABRIL,618
2017,Amazônia,0,0,MAIO,805
2017,Amazônia,0,0,JUNHO,1759
2017,Amazônia,0,0,JULHO,7986
2017,Amazônia,0,0,AGOSTO,21244
2017,Amazônia,0,0,SETEMBRO,36569
2017,Amazônia,0,0,OUTUBRO,14457
2017,Amazônia,0,0,NOVEMBRO,14105
2017,Amazônia,0,0,DEZEMBRO,7985
2018,Amazônia,0,0,JANEIRO,1444
2018,Amazônia,0,0,FEVEREIRO,888
2018,Amazônia,0,0,MARÇO,1359
2018,Amazônia,0,0,ABRIL,513
2018,Amazônia,0,0,MAIO,772
2018,Amazônia,0,0,JUNHO,1980
2018,Amazônia,0,0,JULHO,4788
2018,Amazônia,0,0,AGOSTO,10421
2018,Amazônia,0,0,SETEMBRO,24803
2018,Amazônia,0,0,OUTUBRO,10654
2018,Amazônia,0,0,NOVEMBRO,8881
2018,Amazônia,0,0,DEZEMBRO,1842
2019,Amazônia,0,0,JANEIRO,1419
2019,Amazônia,0,0,FEVEREIRO,1368
2019,Amazônia,0,0,MARÇO,3383
2019,Amazônia,0,0,ABRIL,1702
2019,Amazônia,0,0,MAIO,854
2019,Amazônia,0,0,JUNHO,1880
2019,Amazônia,0,0,JULHO,5318
2019,Amazônia,0,0,AGOSTO,30900
2019,Amazônia,0,0,SETEMBRO,19925
2019,Amazônia,0,0,OUTUBRO,7855
2019,Amazônia,0,0,NOVEMBRO,11297
2019,Amazônia,0,0,DEZEMBRO,3275
2020,Amazônia,0,0,JANEIRO,1200
2020,Amazônia,0,0,FEVEREIRO,1196
2020,Amazônia,0,0,MARÇO,1641
2020,Amazônia,0,0,ABRIL,789
2020,Amazônia,0,0,MAIO,829
2020,Amazônia,0,0,JUNHO,2248
2020,Amazônia,0,0,JULHO,6803
2020,Amazônia,0,0,AGOSTO,29307
2020,Amazônia,0,0,SETEMBRO,24473
2020,Amazônia,0,0,OUTUBRO,0
2020,Amazônia,0,0,NOVEMBRO,0
2020,Amazônia,0,0,DEZEMBRO,0
1998,Pampa,0,0,JANEIRO,0
1998,Pampa,0,0,FEVEREIRO,0
1998,Pampa,0,0,MARÇO,0
1998,Pampa,0,0,ABRIL,0
1998,Pampa,0,0,MAIO,0
1998,Pampa,0,0,JUNHO,0
1998,Pampa,0,0,JULHO,0
1998,Pampa,0,0,AGOSTO,9
1998,Pampa,0,0,SETEMBRO,31
1998,Pampa,0,0,OUTUBRO,109
1998,Pampa,0,0,NOVEMBRO,5
1998,Pampa,0,0,DEZEMBRO,62
1999,Pampa,0,0,JANEIRO,46
1999,Pampa,0,0,FEVEREIRO,19
1999,Pampa,0,0,MARÇO,35
1999,Pampa,0,0,ABRIL,10
1999,Pampa,0,0,MAIO,8
1999,Pampa,0,0,JUNHO,6
1999,Pampa,0,0,JULHO,7
1999,Pampa,0,0,AGOSTO,7
1999,Pampa,0,0,SETEMBRO,8
1999,Pampa,0,0,OUTUBRO,51
1999,Pampa,0,0,NOVEMBRO,31
1999,Pampa,0,0,DEZEMBRO,1053
2000,Pampa,0,0,JANEIRO,74
2000,Pampa,0,0,FEVEREIRO,33
2000,Pampa,0,0,MARÇO,10
2000,Pampa,0,0,ABRIL,1
2000,Pampa,0,0,MAIO,3
2000,Pampa,0,0,JUNHO,0
2000,Pampa,0,0,JULHO,4
2000,Pampa,0,0,AGOSTO,10
2000,Pampa,0,0,SETEMBRO,7
2000,Pampa,0,0,OUTUBRO,5
2000,Pampa,0,0,NOVEMBRO,4
2000,Pampa,0,0,DEZEMBRO,60
2001,Pampa,0,0,JANEIRO,7
2001,Pampa,0,0,FEVEREIRO,32
2001,Pampa,0,0,MARÇO,8
2001,Pampa,0,0,ABRIL,2
2001,Pampa,0,0,MAIO,4
2001,Pampa,0,0,JUNHO,1
2001,Pampa,0,0,JULHO,6
2001,Pampa,0,0,AGOSTO,24
2001,Pampa,0,0,SETEMBRO,0
2001,Pampa,0,0,OUTUBRO,12
2001,Pampa,0,0,NOVEMBRO,23
2001,Pampa,0,0,DEZEMBRO,35
2002,Pampa,0,0,JANEIRO,213
2002,Pampa,0,0,FEVEREIRO,30
2002,Pampa,0,0,MARÇO,19
2002,Pampa,0,0,ABRIL,2
2002,Pampa,0,0,MAIO,4
2002,Pampa,0,0,JUNHO,2
2002,Pampa,0,0,JULHO,178
2002,Pampa,0,0,AGOSTO,379
2002,Pampa,0,0,SETEMBRO,238
2002,Pampa,0,0,OUTUBRO,18
2002,Pampa,0,0,NOVEMBRO,18
2002,Pampa,0,0,DEZEMBRO,20
2003,Pampa,0,0,JANEIRO,41
2003,Pampa,0,0,FEVEREIRO,8
2003,Pampa,0,0,MARÇO,19
2003,Pampa,0,0,ABRIL,63
2003,Pampa,0,0,MAIO,79
2003,Pampa,0,0,JUNHO,47
2003,Pampa,0,0,JULHO,252
2003,Pampa,0,0,AGOSTO,736
2003,Pampa,0,0,SETEMBRO,357
2003,Pampa,0,0,OUTUBRO,121
2003,Pampa,0,0,NOVEMBRO,51
2003,Pampa,0,0,DEZEMBRO,24
2004,Pampa,0,0,JANEIRO,38
2004,Pampa,0,0,FEVEREIRO,62
2004,Pampa,0,0,MARÇO,163
2004,Pampa,0,0,ABRIL,121
2004,Pampa,0,0,MAIO,55
2004,Pampa,0,0,JUNHO,140
2004,Pampa,0,0,JULHO,232
2004,Pampa,0,0,AGOSTO,356
2004,Pampa,0,0,SETEMBRO,157
2004,Pampa,0,0,OUTUBRO,252
2004,Pampa,0,0,NOVEMBRO,49
2004,Pampa,0,0,DEZEMBRO,52
2005,Pampa,0,0,JANEIRO,102
2005,Pampa,0,0,FEVEREIRO,32
2005,Pampa,0,0,MARÇO,131
2005,Pampa,0,0,ABRIL,61
2005,Pampa,0,0,MAIO,74
2005,Pampa,0,0,JUNHO,63
2005,Pampa,0,0,JULHO,153
2005,Pampa,0,0,AGOSTO,241
2005,Pampa,0,0,SETEMBRO,122
2005,Pampa,0,0,OUTUBRO,46
2005,Pampa,0,0,NOVEMBRO,67
2005,Pampa,0,0,DEZEMBRO,46
2006,Pampa,0,0,JANEIRO,29
2006,Pampa,0,0,FEVEREIRO,35
2006,Pampa,0,0,MARÇO,82
2006,Pampa,0,0,ABRIL,111
2006,Pampa,0,0,MAIO,175
2006,Pampa,0,0,JUNHO,78
2006,Pampa,0,0,JULHO,188
2006,Pampa,0,0,AGOSTO,321
2006,Pampa,0,0,SETEMBRO,187
2006,Pampa,0,0,OUTUBRO,62
2006,Pampa,0,0,NOVEMBRO,42
2006,Pampa,0,0,DEZEMBRO,26
2007,Pampa,0,0,JANEIRO,18
2007,Pampa,0,0,FEVEREIRO,17
2007,Pampa,0,0,MARÇO,22
2007,Pampa,0,0,ABRIL,60
2007,Pampa,0,0,MAIO,63
2007,Pampa,0,0,JUNHO,111
2007,Pampa,0,0,JULHO,201
2007,Pampa,0,0,AGOSTO,231
2007,Pampa,0,0,SETEMBRO,192
2007,Pampa,0,0,OUTUBRO,42
2007,Pampa,0,0,NOVEMBRO,46
2007,Pampa,0,0,DEZEMBRO,42
2008,Pampa,0,0,JANEIRO,41
2008,Pampa,0,0,FEVEREIRO,28
2008,Pampa,0,0,MARÇO,43
2008,Pampa,0,0,ABRIL,135
2008,Pampa,0,0,MAIO,127
2008,Pampa,0,0,JUNHO,84
2008,Pampa,0,0,JULHO,129
2008,Pampa,0,0,AGOSTO,113
2008,Pampa,0,0,SETEMBRO,83
2008,Pampa,0,0,OUTUBRO,78
2008,Pampa,0,0,NOVEMBRO,35
2008,Pampa,0,0,DEZEMBRO,52
2009,Pampa,0,0,JANEIRO,52
2009,Pampa,0,0,FEVEREIRO,18
2009,Pampa,0,0,MARÇO,42
2009,Pampa,0,0,ABRIL,168
2009,Pampa,0,0,MAIO,174
2009,Pampa,0,0,JUNHO,83
2009,Pampa,0,0,JULHO,129
2009,Pampa,0,0,AGOSTO,373
2009,Pampa,0,0,SETEMBRO,34
2009,Pampa,0,0,OUTUBRO,71
2009,Pampa,0,0,NOVEMBRO,2
2009,Pampa,0,0,DEZEMBRO,6
2010,Pampa,0,0,JANEIRO,33
2010,Pampa,0,0,FEVEREIRO,17
2010,Pampa,0,0,MARÇO,34
2010,Pampa,0,0,ABRIL,67
2010,Pampa,0,0,MAIO,23
2010,Pampa,0,0,JUNHO,29
2010,Pampa,0,0,JULHO,80
2010,Pampa,0,0,AGOSTO,272
2010,Pampa,0,0,SETEMBRO,132
2010,Pampa,0,0,OUTUBRO,92
2010,Pampa,0,0,NOVEMBRO,82
2010,Pampa,0,0,DEZEMBRO,95
2011,Pampa,0,0,JANEIRO,22
2011,Pampa,0,0,FEVEREIRO,16
2011,Pampa,0,0,MARÇO,36
2011,Pampa,0,0,ABRIL,77
2011,Pampa,0,0,MAIO,73
2011,Pampa,0,0,JUNHO,86
2011,Pampa,0,0,JULHO,96
2011,Pampa,0,0,AGOSTO,130
2011,Pampa,0,0,SETEMBRO,233
2011,Pampa,0,0,OUTUBRO,37
2011,Pampa,0,0,NOVEMBRO,75
2011,Pampa,0,0,DEZEMBRO,50
2012,Pampa,0,0,JANEIRO,61
2012,Pampa,0,0,FEVEREIRO,34
2012,Pampa,0,0,MARÇO,71
2012,Pampa,0,0,ABRIL,36
2012,Pampa,0,0,MAIO,151
2012,Pampa,0,0,JUNHO,159
2012,Pampa,0,0,JULHO,220
2012,Pampa,0,0,AGOSTO,165
2012,Pampa,0,0,SETEMBRO,62
2012,Pampa,0,0,OUTUBRO,40
2012,Pampa,0,0,NOVEMBRO,42
2012,Pampa,0,0,DEZEMBRO,12
2013,Pampa,0,0,JANEIRO,28
2013,Pampa,0,0,FEVEREIRO,46
2013,Pampa,0,0,MARÇO,50
2013,Pampa,0,0,ABRIL,57
2013,Pampa,0,0,MAIO,32
2013,Pampa,0,0,JUNHO,33
2013,Pampa,0,0,JULHO,95
2013,Pampa,0,0,AGOSTO,189
2013,Pampa,0,0,SETEMBRO,126
2013,Pampa,0,0,OUTUBRO,59
2013,Pampa,0,0,NOVEMBRO,59
2013,Pampa,0,0,DEZEMBRO,27
2014,Pampa,0,0,JANEIRO,19
2014,Pampa,0,0,FEVEREIRO,17
2014,Pampa,0,0,MARÇO,39
2014,Pampa,0,0,ABRIL,50
2014,Pampa,0,0,MAIO,50
2014,Pampa,0,0,JUNHO,53
2014,Pampa,0,0,JULHO,74
2014,Pampa,0,0,AGOSTO,254
2014,Pampa,0,0,SETEMBRO,57
2014,Pampa,0,0,OUTUBRO,39
2014,Pampa,0,0,NOVEMBRO,35
2014,Pampa,0,0,DEZEMBRO,21
2015,Pampa,0,0,JANEIRO,14
2015,Pampa,0,0,FEVEREIRO,18
2015,Pampa,0,0,MARÇO,48
2015,Pampa,0,0,ABRIL,142
2015,Pampa,0,0,MAIO,122
2015,Pampa,0,0,JUNHO,57
2015,Pampa,0,0,JULHO,24
2015,Pampa,0,0,AGOSTO,86
2015,Pampa,0,0,SETEMBRO,139
2015,Pampa,0,0,OUTUBRO,47
2015,Pampa,0,0,NOVEMBRO,12
2015,Pampa,0,0,DEZEMBRO,21
2016,Pampa,0,0,JANEIRO,37
2016,Pampa,0,0,FEVEREIRO,33
2016,Pampa,0,0,MARÇO,24
2016,Pampa,0,0,ABRIL,23
2016,Pampa,0,0,MAIO,34
2016,Pampa,0,0,JUNHO,183
2016,Pampa,0,0,JULHO,199
2016,Pampa,0,0,AGOSTO,383
2016,Pampa,0,0,SETEMBRO,252
2016,Pampa,0,0,OUTUBRO,57
2016,Pampa,0,0,NOVEMBRO,43
2016,Pampa,0,0,DEZEMBRO,59
2017,Pampa,0,0,JANEIRO,15
2017,Pampa,0,0,FEVEREIRO,21
2017,Pampa,0,0,MARÇO,31
2017,Pampa,0,0,ABRIL,41
2017,Pampa,0,0,MAIO,39
2017,Pampa,0,0,JUNHO,65
2017,Pampa,0,0,JULHO,262
2017,Pampa,0,0,AGOSTO,233
2017,Pampa,0,0,SETEMBRO,65
2017,Pampa,0,0,OUTUBRO,55
2017,Pampa,0,0,NOVEMBRO,60
2017,Pampa,0,0,DEZEMBRO,49
2018,Pampa,0,0,JANEIRO,40
2018,Pampa,0,0,FEVEREIRO,51
2018,Pampa,0,0,MARÇO,63
2018,Pampa,0,0,ABRIL,57
2018,Pampa,0,0,MAIO,70
2018,Pampa,0,0,JUNHO,33
2018,Pampa,0,0,JULHO,47
2018,Pampa,0,0,AGOSTO,232
2018,Pampa,0,0,SETEMBRO,67
2018,Pampa,0,0,OUTUBRO,34
2018,Pampa,0,0,NOVEMBRO,24
2018,Pampa,0,0,DEZEMBRO,24
2019,Pampa,0,0,JANEIRO,20
2019,Pampa,0,0,FEVEREIRO,32
2019,Pampa,0,0,MARÇO,82
2019,Pampa,0,0,ABRIL,50
2019,Pampa,0,0,MAIO,23
2019,Pampa,0,0,JUNHO,102
2019,Pampa,0,0,JULHO,222
2019,Pampa,0,0,AGOSTO,446
2019,Pampa,0,0,SETEMBRO,273
2019,Pampa,0,0,OUTUBRO,72
2019,Pampa,0,0,NOVEMBRO,30
2019,Pampa,0,0,DEZEMBRO,68
2020,Pampa,0,0,JANEIRO,25
2020,Pampa,0,0,FEVEREIRO,72
2020,Pampa,0,0,MARÇO,176
2020,Pampa,0,0,ABRIL,335
2020,Pampa,0,0,MAIO,309
2020,Pampa,0,0,JUNHO,83
2020,Pampa,0,0,JULHO,67
2020,Pampa,0,0,AGOSTO,380
2020,Pampa,0,0,SETEMBRO,13
2020,Pampa,0,0,OUTUBRO,0
2020,Pampa,0,0,NOVEMBRO,0
2020,Pampa,0,0,DEZEMBRO,0
1998,Caatinga,0,0,JANEIRO,0
1998,Caatinga,0,0,FEVEREIRO,0
1998,Caatinga,0,0,MARÇO,0
1998,Caatinga,0,0,ABRIL,0
1998,Caatinga,0,0,MAIO,0
1998,Caatinga,0,0,JUNHO,34
1998,Caatinga,0,0,JULHO,206
1998,Caatinga,0,0,AGOSTO,462
1998,Caatinga,0,0,SETEMBRO,2642
1998,Caatinga,0,0,OUTUBRO,4280
1998,Caatinga,0,0,NOVEMBRO,1185
1998,Caatinga,0,0,DEZEMBRO,494
1999,Caatinga,0,0,JANEIRO,227
1999,Caatinga,0,0,FEVEREIRO,155
1999,Caatinga,0,0,MARÇO,93
1999,Caatinga,0,0,ABRIL,63
1999,Caatinga,0,0,MAIO,24
1999,Caatinga,0,0,JUNHO,62
1999,Caatinga,0,0,JULHO,203
1999,Caatinga,0,0,AGOSTO,458
1999,Caatinga,0,0,SETEMBRO,1117
1999,Caatinga,0,0,OUTUBRO,2080
1999,Caatinga,0,0,NOVEMBRO,984
1999,Caatinga,0,0,DEZEMBRO,566
2000,Caatinga,0,0,JANEIRO,16
2000,Caatinga,0,0,FEVEREIRO,41
2000,Caatinga,0,0,MARÇO,68
2000,Caatinga,0,0,ABRIL,56
2000,Caatinga,0,0,MAIO,38
2000,Caatinga,0,0,JUNHO,46
2000,Caatinga,0,0,JULHO,73
2000,Caatinga,0,0,AGOSTO,399
2000,Caatinga,0,0,SETEMBRO,1504
2000,Caatinga,0,0,OUTUBRO,4744
2000,Caatinga,0,0,NOVEMBRO,1224
2000,Caatinga,0,0,DEZEMBRO,546
2001,Caatinga,0,0,JANEIRO,40
2001,Caatinga,0,0,FEVEREIRO,38
2001,Caatinga,0,0,MARÇO,5
2001,Caatinga,0,0,ABRIL,30
2001,Caatinga,0,0,MAIO,205
2001,Caatinga,0,0,JUNHO,108
2001,Caatinga,0,0,JULHO,390
2001,Caatinga,0,0,AGOSTO,895
2001,Caatinga,0,0,SETEMBRO,3996
2001,Caatinga,0,0,OUTUBRO,7157
2001,Caatinga,0,0,NOVEMBRO,4767
2001,Caatinga,0,0,DEZEMBRO,970
2002,Caatinga,0,0,JANEIRO,93
2002,Caatinga,0,0,FEVEREIRO,263
2002,Caatinga,0,0,MARÇO,148
2002,Caatinga,0,0,ABRIL,123
2002,Caatinga,0,0,MAIO,146
2002,Caatinga,0,0,JUNHO,125
2002,Caatinga,0,0,JULHO,277
2002,Caatinga,0,0,AGOSTO,1252
2002,Caatinga,0,0,SETEMBRO,5099
2002,Caatinga,0,0,OUTUBRO,7728
2002,Caatinga,0,0,NOVEMBRO,6193
2002,Caatinga,0,0,DEZEMBRO,3975
2003,Caatinga,0,0,JANEIRO,967
2003,Caatinga,0,0,FEVEREIRO,201
2003,Caatinga,0,0,MARÇO,191
2003,Caatinga,0,0,ABRIL,187
2003,Caatinga,0,0,MAIO,60
2003,Caatinga,0,0,JUNHO,108
2003,Caatinga,0,0,JULHO,340
2003,Caatinga,0,0,AGOSTO,1020
2003,Caatinga,0,0,SETEMBRO,7234
2003,Caatinga,0,0,OUTUBRO,8722
2003,Caatinga,0,0,NOVEMBRO,8451
2003,Caatinga,0,0,DEZEMBRO,5292
2004,Caatinga,0,0,JANEIRO,458
2004,Caatinga,0,0,FEVEREIRO,94
2004,Caatinga,0,0,MARÇO,104
2004,Caatinga,0,0,ABRIL,93
2004,Caatinga,0,0,MAIO,115
2004,Caatinga,0,0,JUNHO,83
2004,Caatinga,0,0,JULHO,199
2004,Caatinga,0,0,AGOSTO,976
2004,Caatinga,0,0,SETEMBRO,4848
2004,Caatinga,0,0,OUTUBRO,7707
2004,Caatinga,0,0,NOVEMBRO,7689
2004,Caatinga,0,0,DEZEMBRO,7400
2005,Caatinga,0,0,JANEIRO,1283
2005,Caatinga,0,0,FEVEREIRO,264
2005,Caatinga,0,0,MARÇO,137
2005,Caatinga,0,0,ABRIL,65
2005,Caatinga,0,0,MAIO,49
2005,Caatinga,0,0,JUNHO,80
2005,Caatinga,0,0,JULHO,287
2005,Caatinga,0,0,AGOSTO,610
2005,Caatinga,0,0,SETEMBRO,3623
2005,Caatinga,0,0,OUTUBRO,8151
2005,Caatinga,0,0,NOVEMBRO,7067
2005,Caatinga,0,0,DEZEMBRO,4533
2006,Caatinga,0,0,JANEIRO,884
2006,Caatinga,0,0,FEVEREIRO,227
2006,Caatinga,0,0,MARÇO,164
2006,Caatinga,0,0,ABRIL,65
2006,Caatinga,0,0,MAIO,31
2006,Caatinga,0,0,JUNHO,52
2006,Caatinga,0,0,JULHO,137
2006,Caatinga,0,0,AGOSTO,697
2006,Caatinga,0,0,SETEMBRO,2550
2006,Caatinga,0,0,OUTUBRO,3998
2006,Caatinga,0,0,NOVEMBRO,5253
2006,Caatinga,0,0,DEZEMBRO,4432
2007,Caatinga,0,0,JANEIRO,1123
2007,Caatinga,0,0,FEVEREIRO,118
2007,Caatinga,0,0,MARÇO,67
2007,Caatinga,0,0,ABRIL,129
2007,Caatinga,0,0,MAIO,149
2007,Caatinga,0,0,JUNHO,264
2007,Caatinga,0,0,JULHO,704
2007,Caatinga,0,0,AGOSTO,1878
2007,Caatinga,0,0,SETEMBRO,5239
2007,Caatinga,0,0,OUTUBRO,8515
2007,Caatinga,0,0,NOVEMBRO,6939
2007,Caatinga,0,0,DEZEMBRO,4266
2008,Caatinga,0,0,JANEIRO,873
2008,Caatinga,0,0,FEVEREIRO,335
2008,Caatinga,0,0,MARÇO,147
2008,Caatinga,0,0,ABRIL,95
2008,Caatinga,0,0,MAIO,54
2008,Caatinga,0,0,JUNHO,63
2008,Caatinga,0,0,JULHO,118
2008,Caatinga,0,0,AGOSTO,433
2008,Caatinga,0,0,SETEMBRO,2888
2008,Caatinga,0,0,OUTUBRO,6135
2008,Caatinga,0,0,NOVEMBRO,7325
2008,Caatinga,0,0,DEZEMBRO,5255
2009,Caatinga,0,0,JANEIRO,1164
2009,Caatinga,0,0,FEVEREIRO,171
2009,Caatinga,0,0,MARÇO,227
2009,Caatinga,0,0,ABRIL,54
2009,Caatinga,0,0,MAIO,15
2009,Caatinga,0,0,JUNHO,53
2009,Caatinga,0,0,JULHO,110
2009,Caatinga,0,0,AGOSTO,292
2009,Caatinga,0,0,SETEMBRO,2746
2009,Caatinga,0,0,OUTUBRO,3059
2009,Caatinga,0,0,NOVEMBRO,4866
2009,Caatinga,0,0,DEZEMBRO,3936
2010,Caatinga,0,0,JANEIRO,668
2010,Caatinga,0,0,FEVEREIRO,290
2010,Caatinga,0,0,MARÇO,292
2010,Caatinga,0,0,ABRIL,69
2010,Caatinga,0,0,MAIO,142
2010,Caatinga,0,0,JUNHO,166
2010,Caatinga,0,0,JULHO,494
2010,Caatinga,0,0,AGOSTO,1907
2010,Caatinga,0,0,SETEMBRO,4376
2010,Caatinga,0,0,OUTUBRO,5829
2010,Caatinga,0,0,NOVEMBRO,5960
2010,Caatinga,0,0,DEZEMBRO,1599
2011,Caatinga,0,0,JANEIRO,221
2011,Caatinga,0,0,FEVEREIRO,135
2011,Caatinga,0,0,MARÇO,170
2011,Caatinga,0,0,ABRIL,116
2011,Caatinga,0,0,MAIO,76
2011,Caatinga,0,0,JUNHO,183
2011,Caatinga,0,0,JULHO,306
2011,Caatinga,0,0,AGOSTO,862
2011,Caatinga,0,0,SETEMBRO,3486
2011,Caatinga,0,0,OUTUBRO,3489
2011,Caatinga,0,0,NOVEMBRO,4271
2011,Caatinga,0,0,DEZEMBRO,3246
2012,Caatinga,0,0,JANEIRO,788
2012,Caatinga,0,0,FEVEREIRO,243
2012,Caatinga,0,0,MARÇO,404
2012,Caatinga,0,0,ABRIL,259
2012,Caatinga,0,0,MAIO,283
2012,Caatinga,0,0,JUNHO,370
2012,Caatinga,0,0,JULHO,649
2012,Caatinga,0,0,AGOSTO,1829
2012,Caatinga,0,0,SETEMBRO,3626
2012,Caatinga,0,0,OUTUBRO,4582
2012,Caatinga,0,0,NOVEMBRO,2063
2012,Caatinga,0,0,DEZEMBRO,1621
2013,Caatinga,0,0,JANEIRO,340
2013,Caatinga,0,0,FEVEREIRO,207
2013,Caatinga,0,0,MARÇO,219
2013,Caatinga,0,0,ABRIL,71
2013,Caatinga,0,0,MAIO,73
2013,Caatinga,0,0,JUNHO,125
2013,Caatinga,0,0,JULHO,191
2013,Caatinga,0,0,AGOSTO,561
2013,Caatinga,0,0,SETEMBRO,2452
2013,Caatinga,0,0,OUTUBRO,2164
2013,Caatinga,0,0,NOVEMBRO,1889
2013,Caatinga,0,0,DEZEMBRO,1567
2014,Caatinga,0,0,JANEIRO,360
2014,Caatinga,0,0,FEVEREIRO,68
2014,Caatinga,0,0,MARÇO,104
2014,Caatinga,0,0,ABRIL,73
2014,Caatinga,0,0,MAIO,74
2014,Caatinga,0,0,JUNHO,168
2014,Caatinga,0,0,JULHO,414
2014,Caatinga,0,0,AGOSTO,907
2014,Caatinga,0,0,SETEMBRO,2079
2014,Caatinga,0,0,OUTUBRO,2324
2014,Caatinga,0,0,NOVEMBRO,1762
2014,Caatinga,0,0,DEZEMBRO,1163
2015,Caatinga,0,0,JANEIRO,428
2015,Caatinga,0,0,FEVEREIRO,138
2015,Caatinga,0,0,MARÇO,99
2015,Caatinga,0,0,ABRIL,86
2015,Caatinga,0,0,MAIO,81
2015,Caatinga,0,0,JUNHO,155
2015,Caatinga,0,0,JULHO,285
2015,Caatinga,0,0,AGOSTO,1203
2015,Caatinga,0,0,SETEMBRO,4079
2015,Caatinga,0,0,OUTUBRO,3909
2015,Caatinga,0,0,NOVEMBRO,2599
2015,Caatinga,0,0,DEZEMBRO,2071
2016,Caatinga,0,0,JANEIRO,258
2016,Caatinga,0,0,FEVEREIRO,112
2016,Caatinga,0,0,MARÇO,56
2016,Caatinga,0,0,ABRIL,95
2016,Caatinga,0,0,MAIO,80
2016,Caatinga,0,0,JUNHO,158
2016,Caatinga,0,0,JULHO,551
2016,Caatinga,0,0,AGOSTO,1504
2016,Caatinga,0,0,SETEMBRO,2095
2016,Caatinga,0,0,OUTUBRO,4274
2016,Caatinga,0,0,NOVEMBRO,2882
2016,Caatinga,0,0,DEZEMBRO,1528
2017,Caatinga,0,0,JANEIRO,305
2017,Caatinga,0,0,FEVEREIRO,81
2017,Caatinga,0,0,MARÇO,70
2017,Caatinga,0,0,ABRIL,49
2017,Caatinga,0,0,MAIO,64
2017,Caatinga,0,0,JUNHO,78
2017,Caatinga,0,0,JULHO,167
2017,Caatinga,0,0,AGOSTO,795
2017,Caatinga,0,0,SETEMBRO,1759
2017,Caatinga,0,0,OUTUBRO,4030
2017,Caatinga,0,0,NOVEMBRO,1792
2017,Caatinga,0,0,DEZEMBRO,1814
2018,Caatinga,0,0,JANEIRO,316
2018,Caatinga,0,0,FEVEREIRO,30
2018,Caatinga,0,0,MARÇO,58
2018,Caatinga,0,0,ABRIL,28
2018,Caatinga,0,0,MAIO,68
2018,Caatinga,0,0,JUNHO,196
2018,Caatinga,0,0,JULHO,594
2018,Caatinga,0,0,AGOSTO,1516
2018,Caatinga,0,0,SETEMBRO,2820
2018,Caatinga,0,0,OUTUBRO,2476
2018,Caatinga,0,0,NOVEMBRO,1876
2018,Caatinga,0,0,DEZEMBRO,1369
2019,Caatinga,0,0,JANEIRO,433
2019,Caatinga,0,0,FEVEREIRO,73
2019,Caatinga,0,0,MARÇO,58
2019,Caatinga,0,0,ABRIL,28
2019,Caatinga,0,0,MAIO,59
2019,Caatinga,0,0,JUNHO,135
2019,Caatinga,0,0,JULHO,302
2019,Caatinga,0,0,AGOSTO,1304
2019,Caatinga,0,0,SETEMBRO,2827
2019,Caatinga,0,0,OUTUBRO,4716
2019,Caatinga,0,0,NOVEMBRO,3212
2019,Caatinga,0,0,DEZEMBRO,1813
2020,Caatinga,0,0,JANEIRO,293
2020,Caatinga,0,0,FEVEREIRO,62
2020,Caatinga,0,0,MARÇO,22
2020,Caatinga,0,0,ABRIL,38
2020,Caatinga,0,0,MAIO,42
2020,Caatinga,0,0,JUNHO,83
2020,Caatinga,0,0,JULHO,265
2020,Caatinga,0,0,AGOSTO,838
2020,Caatinga,0,0,SETEMBRO,1587
2020,Caatinga,0,0,OUTUBRO,0
2020,Caatinga,0,0,NOVEMBRO,0
2020,Caatinga,0,0,DEZEMBRO,0
1998,Mata Atlântica,0,0,JANEIRO,0
1998,Mata Atlântica,0,0,FEVEREIRO,0
1998,Mata Atlântica,0,0,MARÇO,0
1998,Mata Atlântica,0,0,ABRIL,0
1998,Mata Atlântica,0,0,MAIO,0
1998,Mata Atlântica,0,0,JUNHO,303
1998,Mata Atlântica,0,0,JULHO,477
1998,Mata Atlântica,0,0,AGOSTO,687
1998,Mata Atlântica,0,0,SETEMBRO,1678
1998,Mata Atlântica,0,0,OUTUBRO,1260
1998,Mata Atlântica,0,0,NOVEMBRO,522
1998,Mata Atlântica,0,0,DEZEMBRO,323
1999,Mata Atlântica,0,0,JANEIRO,299
1999,Mata Atlântica,0,0,FEVEREIRO,273
1999,Mata Atlântica,0,0,MARÇO,310
1999,Mata Atlântica,0,0,ABRIL,163
1999,Mata Atlântica,0,0,MAIO,368
1999,Mata Atlântica,0,0,JUNHO,303
1999,Mata Atlântica,0,0,JULHO,563
1999,Mata Atlântica,0,0,AGOSTO,2581
1999,Mata Atlântica,0,0,SETEMBRO,3306
1999,Mata Atlântica,0,0,OUTUBRO,1688
1999,Mata Atlântica,0,0,NOVEMBRO,1222
1999,Mata Atlântica,0,0,DEZEMBRO,520
2000,Mata Atlântica,0,0,JANEIRO,241
2000,Mata Atlântica,0,0,FEVEREIRO,186
2000,Mata Atlântica,0,0,MARÇO,219
2000,Mata Atlântica,0,0,ABRIL,135
2000,Mata Atlântica,0,0,MAIO,204
2000,Mata Atlântica,0,0,JUNHO,432
2000,Mata Atlântica,0,0,JULHO,598
2000,Mata Atlântica,0,0,AGOSTO,1746
2000,Mata Atlântica,0,0,SETEMBRO,1100
2000,Mata Atlântica,0,0,OUTUBRO,2369
2000,Mata Atlântica,0,0,NOVEMBRO,230
2000,Mata Atlântica,0,0,DEZEMBRO,237
2001,Mata Atlântica,0,0,JANEIRO,87
2001,Mata Atlântica,0,0,FEVEREIRO,120
2001,Mata Atlântica,0,0,MARÇO,40
2001,Mata Atlântica,0,0,ABRIL,92
2001,Mata Atlântica,0,0,MAIO,185
2001,Mata Atlântica,0,0,JUNHO,244
2001,Mata Atlântica,0,0,JULHO,590
2001,Mata Atlântica,0,0,AGOSTO,1159
2001,Mata Atlântica,0,0,SETEMBRO,1418
2001,Mata Atlântica,0,0,OUTUBRO,997
2001,Mata Atlântica,0,0,NOVEMBRO,495
2001,Mata Atlântica,0,0,DEZEMBRO,311
2002,Mata Atlântica,0,0,JANEIRO,251
2002,Mata Atlântica,0,0,FEVEREIRO,226
2002,Mata Atlântica,0,0,MARÇO,209
2002,Mata Atlântica,0,0,ABRIL,352
2002,Mata Atlântica,0,0,MAIO,263
2002,Mata Atlântica,0,0,JUNHO,485
2002,Mata Atlântica,0,0,JULHO,1829
2002,Mata Atlântica,0,0,AGOSTO,6548
2002,Mata Atlântica,0,0,SETEMBRO,6764
2002,Mata Atlântica,0,0,OUTUBRO,4897
2002,Mata Atlântica,0,0,NOVEMBRO,2441
2002,Mata Atlântica,0,0,DEZEMBRO,1673
2003,Mata Atlântica,0,0,JANEIRO,1151
2003,Mata Atlântica,0,0,FEVEREIRO,683
2003,Mata Atlântica,0,0,MARÇO,834
2003,Mata Atlântica,0,0,ABRIL,1263
2003,Mata Atlântica,0,0,MAIO,1744
2003,Mata Atlântica,0,0,JUNHO,2500
2003,Mata Atlântica,0,0,JULHO,3144
2003,Mata Atlântica,0,0,AGOSTO,9826
2003,Mata Atlântica,0,0,SETEMBRO,11963
2003,Mata Atlântica,0,0,OUTUBRO,7588
2003,Mata Atlântica,0,0,NOVEMBRO,2148
2003,Mata Atlântica,0,0,DEZEMBRO,1589
2004,Mata Atlântica,0,0,JANEIRO,572
2004,Mata Atlântica,0,0,FEVEREIRO,469
2004,Mata Atlântica,0,0,MARÇO,712
2004,Mata Atlântica,0,0,ABRIL,692
2004,Mata Atlântica,0,0,MAIO,318
2004,Mata Atlântica,0,0,JUNHO,1335
2004,Mata Atlântica,0,0,JULHO,1558
2004,Mata Atlântica,0,0,AGOSTO,5778
2004,Mata Atlântica,0,0,SETEMBRO,7396
2004,Mata Atlântica,0,0,OUTUBRO,5344
2004,Mata Atlântica,0,0,NOVEMBRO,2624
2004,Mata Atlântica,0,0,DEZEMBRO,1317
2005,Mata Atlântica,0,0,JANEIRO,752
2005,Mata Atlântica,0,0,FEVEREIRO,578
2005,Mata Atlântica,0,0,MARÇO,867
2005,Mata Atlântica,0,0,ABRIL,551
2005,Mata Atlântica,0,0,MAIO,907
2005,Mata Atlântica,0,0,JUNHO,939
2005,Mata Atlântica,0,0,JULHO,1721
2005,Mata Atlântica,0,0,AGOSTO,5494
2005,Mata Atlântica,0,0,SETEMBRO,2632
2005,Mata Atlântica,0,0,OUTUBRO,5719
2005,Mata Atlântica,0,0,NOVEMBRO,2331
2005,Mata Atlântica,0,0,DEZEMBRO,785
2006,Mata Atlântica,0,0,JANEIRO,617
2006,Mata Atlântica,0,0,FEVEREIRO,783
2006,Mata Atlântica,0,0,MARÇO,744
2006,Mata Atlântica,0,0,ABRIL,781
2006,Mata Atlântica,0,0,MAIO,1510
2006,Mata Atlântica,0,0,JUNHO,1433
2006,Mata Atlântica,0,0,JULHO,3651
2006,Mata Atlântica,0,0,AGOSTO,6807
2006,Mata Atlântica,0,0,SETEMBRO,5120
2006,Mata Atlântica,0,0,OUTUBRO,1884
2006,Mata Atlântica,0,0,NOVEMBRO,1006
2006,Mata Atlântica,0,0,DEZEMBRO,547
2007,Mata Atlântica,0,0,JANEIRO,400
2007,Mata Atlântica,0,0,FEVEREIRO,450
2007,Mata Atlântica,0,0,MARÇO,672
2007,Mata Atlântica,0,0,ABRIL,569
2007,Mata Atlântica,0,0,MAIO,710
2007,Mata Atlântica,0,0,JUNHO,1532
2007,Mata Atlântica,0,0,JULHO,1940
2007,Mata Atlântica,0,0,AGOSTO,5055
2007,Mata Atlântica,0,0,SETEMBRO,7170
2007,Mata Atlântica,0,0,OUTUBRO,6451
2007,Mata Atlântica,0,0,NOVEMBRO,3283
2007,Mata Atlântica,0,0,DEZEMBRO,979
2008,Mata Atlântica,0,0,JANEIRO,490
2008,Mata Atlântica,0,0,FEVEREIRO,527
2008,Mata Atlântica,0,0,MARÇO,478
2008,Mata Atlântica,0,0,ABRIL,489
2008,Mata Atlântica,0,0,MAIO,1019
2008,Mata Atlântica,0,0,JUNHO,523
2008,Mata Atlântica,0,0,JULHO,2436
2008,Mata Atlântica,0,0,AGOSTO,3209
2008,Mata Atlântica,0,0,SETEMBRO,4094
2008,Mata Atlântica,0,0,OUTUBRO,3983
2008,Mata Atlântica,0,0,NOVEMBRO,2154
2008,Mata Atlântica,0,0,DEZEMBRO,930
2009,Mata Atlântica,0,0,JANEIRO,507
2009,Mata Atlântica,0,0,FEVEREIRO,333
2009,Mata Atlântica,0,0,MARÇO,619
2009,Mata Atlântica,0,0,ABRIL,660
2009,Mata Atlântica,0,0,MAIO,625
2009,Mata Atlântica,0,0,JUNHO,687
2009,Mata Atlântica,0,0,JULHO,723
2009,Mata Atlântica,0,0,AGOSTO,4198
2009,Mata Atlântica,0,0,SETEMBRO,1831
2009,Mata Atlântica,0,0,OUTUBRO,2317
2009,Mata Atlântica,0,0,NOVEMBRO,815
2009,Mata Atlântica,0,0,DEZEMBRO,626
2010,Mata Atlântica,0,0,JANEIRO,537
2010,Mata Atlântica,0,0,FEVEREIRO,657
2010,Mata Atlântica,0,0,MARÇO,390
2010,Mata Atlântica,0,0,ABRIL,387
2010,Mata Atlântica,0,0,MAIO,430
2010,Mata Atlântica,0,0,JUNHO,1099
2010,Mata Atlântica,0,0,JULHO,1718
2010,Mata Atlântica,0,0,AGOSTO,6473
2010,Mata Atlântica,0,0,SETEMBRO,5026
2010,Mata Atlântica,0,0,OUTUBRO,2562
2010,Mata Atlântica,0,0,NOVEMBRO,835
2010,Mata Atlântica,0,0,DEZEMBRO,496
2011,Mata Atlântica,0,0,JANEIRO,274
2011,Mata Atlântica,0,0,FEVEREIRO,363
2011,Mata Atlântica,0,0,MARÇO,323
2011,Mata Atlântica,0,0,ABRIL,254
2011,Mata Atlântica,0,0,MAIO,552
2011,Mata Atlântica,0,0,JUNHO,855
2011,Mata Atlântica,0,0,JULHO,1450
2011,Mata Atlântica,0,0,AGOSTO,3191
2011,Mata Atlântica,0,0,SETEMBRO,7050
2011,Mata Atlântica,0,0,OUTUBRO,1836
2011,Mata Atlântica,0,0,NOVEMBRO,618
2011,Mata Atlântica,0,0,DEZEMBRO,444
2012,Mata Atlântica,0,0,JANEIRO,317
2012,Mata Atlântica,0,0,FEVEREIRO,455
2012,Mata Atlântica,0,0,MARÇO,690
2012,Mata Atlântica,0,0,ABRIL,609
2012,Mata Atlântica,0,0,MAIO,687
2012,Mata Atlântica,0,0,JUNHO,500
2012,Mata Atlântica,0,0,JULHO,1052
2012,Mata Atlântica,0,0,AGOSTO,2810
2012,Mata Atlântica,0,0,SETEMBRO,3082
2012,Mata Atlântica,0,0,OUTUBRO,3077
2012,Mata Atlântica,0,0,NOVEMBRO,763
2012,Mata Atlântica,0,0,DEZEMBRO,660
2013,Mata Atlântica,0,0,JANEIRO,412
2013,Mata Atlântica,0,0,FEVEREIRO,430
2013,Mata Atlântica,0,0,MARÇO,549
2013,Mata Atlântica,0,0,ABRIL,488
2013,Mata Atlântica,0,0,MAIO,478
2013,Mata Atlântica,0,0,JUNHO,356
2013,Mata Atlântica,0,0,JULHO,1087
2013,Mata Atlântica,0,0,AGOSTO,2280
2013,Mata Atlântica,0,0,SETEMBRO,2839
2013,Mata Atlântica,0,0,OUTUBRO,1454
2013,Mata Atlântica,0,0,NOVEMBRO,509
2013,Mata Atlântica,0,0,DEZEMBRO,506
2014,Mata Atlântica,0,0,JANEIRO,423
2014,Mata Atlântica,0,0,FEVEREIRO,437
2014,Mata Atlântica,0,0,MARÇO,256
2014,Mata Atlântica,0,0,ABRIL,317
2014,Mata Atlântica,0,0,MAIO,445
2014,Mata Atlântica,0,0,JUNHO,487
2014,Mata Atlântica,0,0,JULHO,965
2014,Mata Atlântica,0,0,AGOSTO,3912
2014,Mata Atlântica,0,0,SETEMBRO,3493
2014,Mata Atlântica,0,0,OUTUBRO,4171
2014,Mata Atlântica,0,0,NOVEMBRO,432
2014,Mata Atlântica,0,0,DEZEMBRO,366
2015,Mata Atlântica,0,0,JANEIRO,642
2015,Mata Atlântica,0,0,FEVEREIRO,389
2015,Mata Atlântica,0,0,MARÇO,384
2015,Mata Atlântica,0,0,ABRIL,371
2015,Mata Atlântica,0,0,MAIO,349
2015,Mata Atlântica,0,0,JUNHO,539
2015,Mata Atlântica,0,0,JULHO,528
2015,Mata Atlântica,0,0,AGOSTO,2414
2015,Mata Atlântica,0,0,SETEMBRO,3219
2015,Mata Atlântica,0,0,OUTUBRO,2991
2015,Mata Atlântica,0,0,NOVEMBRO,1852
2015,Mata Atlântica,0,0,DEZEMBRO,1251
2016,Mata Atlântica,0,0,JANEIRO,579
2016,Mata Atlântica,0,0,FEVEREIRO,457
2016,Mata Atlântica,0,0,MARÇO,536
2016,Mata Atlântica,0,0,ABRIL,732
2016,Mata Atlântica,0,0,MAIO,437
2016,Mata Atlântica,0,0,JUNHO,901
2016,Mata Atlântica,0,0,JULHO,3155
2016,Mata Atlântica,0,0,AGOSTO,4165
2016,Mata Atlântica,0,0,SETEMBRO,4146
2016,Mata Atlântica,0,0,OUTUBRO,1210
2016,Mata Atlântica,0,0,NOVEMBRO,763
2016,Mata Atlântica,0,0,DEZEMBRO,439
2017,Mata Atlântica,0,0,JANEIRO,385
2017,Mata Atlântica,0,0,FEVEREIRO,309
2017,Mata Atlântica,0,0,MARÇO,330
2017,Mata Atlântica,0,0,ABRIL,261
2017,Mata Atlântica,0,0,MAIO,187
2017,Mata Atlântica,0,0,JUNHO,531
2017,Mata Atlântica,0,0,JULHO,2285
2017,Mata Atlântica,0,0,AGOSTO,3201
2017,Mata Atlântica,0,0,SETEMBRO,4939
2017,Mata Atlântica,0,0,OUTUBRO,2003
2017,Mata Atlântica,0,0,NOVEMBRO,818
2017,Mata Atlântica,0,0,DEZEMBRO,348
2018,Mata Atlântica,0,0,JANEIRO,209
2018,Mata Atlântica,0,0,FEVEREIRO,264
2018,Mata Atlântica,0,0,MARÇO,323
2018,Mata Atlântica,0,0,ABRIL,490
2018,Mata Atlântica,0,0,MAIO,699
2018,Mata Atlântica,0,0,JUNHO,613
2018,Mata Atlântica,0,0,JULHO,1813
2018,Mata Atlântica,0,0,AGOSTO,2338
2018,Mata Atlântica,0,0,SETEMBRO,2309
2018,Mata Atlântica,0,0,OUTUBRO,1243
2018,Mata Atlântica,0,0,NOVEMBRO,450
2018,Mata Atlântica,0,0,DEZEMBRO,547
2019,Mata Atlântica,0,0,JANEIRO,608
2019,Mata Atlântica,0,0,FEVEREIRO,607
2019,Mata Atlântica,0,0,MARÇO,661
2019,Mata Atlântica,0,0,ABRIL,276
2019,Mata Atlântica,0,0,MAIO,240
2019,Mata Atlântica,0,0,JUNHO,814
2019,Mata Atlântica,0,0,JULHO,1712
2019,Mata Atlântica,0,0,AGOSTO,4689
2019,Mata Atlântica,0,0,SETEMBRO,4333
2019,Mata Atlântica,0,0,OUTUBRO,2184
2019,Mata Atlântica,0,0,NOVEMBRO,1499
2019,Mata Atlântica,0,0,DEZEMBRO,554
2020,Mata Atlântica,0,0,JANEIRO,421
2020,Mata Atlântica,0,0,FEVEREIRO,454
2020,Mata Atlântica,0,0,MARÇO,549
2020,Mata Atlântica,0,0,ABRIL,1013
2020,Mata Atlântica,0,0,MAIO,1028
2020,Mata Atlântica,0,0,JUNHO,802
2020,Mata Atlântica,0,0,JULHO,1323
2020,Mata Atlântica,0,0,AGOSTO,4079
2020,Mata Atlântica,0,0,SETEMBRO,2584
2020,Mata Atlântica,0,0,OUTUBRO,0
2020,Mata Atlântica,0,0,NOVEMBRO,0
2020,Mata Atlântica,0,0,DEZEMBRO,0
1998,Pantanal,0,0,JANEIRO,0
1998,Pantanal,0,0,FEVEREIRO,0
1998,Pantanal,0,0,MARÇO,0
1998,Pantanal,0,0,ABRIL,0
1998,Pantanal,0,0,MAIO,0
1998,Pantanal,0,0,JUNHO,12
1998,Pantanal,0,0,JULHO,206
1998,Pantanal,0,0,AGOSTO,172
1998,Pantanal,0,0,SETEMBRO,542
1998,Pantanal,0,0,OUTUBRO,507
1998,Pantanal,0,0,NOVEMBRO,162
1998,Pantanal,0,0,DEZEMBRO,58
1999,Pantanal,0,0,JANEIRO,161
1999,Pantanal,0,0,FEVEREIRO,10
1999,Pantanal,0,0,MARÇO,17
1999,Pantanal,0,0,ABRIL,29
1999,Pantanal,0,0,MAIO,106
1999,Pantanal,0,0,JUNHO,65
1999,Pantanal,0,0,JULHO,845
1999,Pantanal,0,0,AGOSTO,2988
1999,Pantanal,0,0,SETEMBRO,1922
1999,Pantanal,0,0,OUTUBRO,2049
1999,Pantanal,0,0,NOVEMBRO,743
1999,Pantanal,0,0,DEZEMBRO,52
2000,Pantanal,0,0,JANEIRO,93
2000,Pantanal,0,0,FEVEREIRO,30
2000,Pantanal,0,0,MARÇO,19
2000,Pantanal,0,0,ABRIL,1
2000,Pantanal,0,0,MAIO,8
2000,Pantanal,0,0,JUNHO,29
2000,Pantanal,0,0,JULHO,25
2000,Pantanal,0,0,AGOSTO,263
2000,Pantanal,0,0,SETEMBRO,503
2000,Pantanal,0,0,OUTUBRO,950
2000,Pantanal,0,0,NOVEMBRO,295
2000,Pantanal,0,0,DEZEMBRO,74
2001,Pantanal,0,0,JANEIRO,66
2001,Pantanal,0,0,FEVEREIRO,62
2001,Pantanal,0,0,MARÇO,11
2001,Pantanal,0,0,ABRIL,36
2001,Pantanal,0,0,MAIO,67
2001,Pantanal,0,0,JUNHO,219
2001,Pantanal,0,0,JULHO,444
2001,Pantanal,0,0,AGOSTO,2540
2001,Pantanal,0,0,SETEMBRO,2264
2001,Pantanal,0,0,OUTUBRO,879
2001,Pantanal,0,0,NOVEMBRO,175
2001,Pantanal,0,0,DEZEMBRO,19
2002,Pantanal,0,0,JANEIRO,137
2002,Pantanal,0,0,FEVEREIRO,28
2002,Pantanal,0,0,MARÇO,10
2002,Pantanal,0,0,ABRIL,24
2002,Pantanal,0,0,MAIO,29
2002,Pantanal,0,0,JUNHO,320
2002,Pantanal,0,0,JULHO,805
2002,Pantanal,0,0,AGOSTO,2934
2002,Pantanal,0,0,SETEMBRO,2662
2002,Pantanal,0,0,OUTUBRO,2761
2002,Pantanal,0,0,NOVEMBRO,2328
2002,Pantanal,0,0,DEZEMBRO,448
2003,Pantanal,0,0,JANEIRO,180
2003,Pantanal,0,0,FEVEREIRO,48
2003,Pantanal,0,0,MARÇO,36
2003,Pantanal,0,0,ABRIL,40
2003,Pantanal,0,0,MAIO,107
2003,Pantanal,0,0,JUNHO,170
2003,Pantanal,0,0,JULHO,260
2003,Pantanal,0,0,AGOSTO,517
2003,Pantanal,0,0,SETEMBRO,1188
2003,Pantanal,0,0,OUTUBRO,715
2003,Pantanal,0,0,NOVEMBRO,378
2003,Pantanal,0,0,DEZEMBRO,83
2004,Pantanal,0,0,JANEIRO,185
2004,Pantanal,0,0,FEVEREIRO,126
2004,Pantanal,0,0,MARÇO,141
2004,Pantanal,0,0,ABRIL,68
2004,Pantanal,0,0,MAIO,15
2004,Pantanal,0,0,JUNHO,240
2004,Pantanal,0,0,JULHO,384
2004,Pantanal,0,0,AGOSTO,1164
2004,Pantanal,0,0,SETEMBRO,3963
2004,Pantanal,0,0,OUTUBRO,1912
2004,Pantanal,0,0,NOVEMBRO,335
2004,Pantanal,0,0,DEZEMBRO,155
2005,Pantanal,0,0,JANEIRO,20
2005,Pantanal,0,0,FEVEREIRO,107
2005,Pantanal,0,0,MARÇO,100
2005,Pantanal,0,0,ABRIL,163
2005,Pantanal,0,0,MAIO,331
2005,Pantanal,0,0,JUNHO,435
2005,Pantanal,0,0,JULHO,1259
2005,Pantanal,0,0,AGOSTO,5993
2005,Pantanal,0,0,SETEMBRO,2997
2005,Pantanal,0,0,OUTUBRO,933
2005,Pantanal,0,0,NOVEMBRO,125
2005,Pantanal,0,0,DEZEMBRO,73
2006,Pantanal,0,0,JANEIRO,28
2006,Pantanal,0,0,FEVEREIRO,51
2006,Pantanal,0,0,MARÇO,36
2006,Pantanal,0,0,ABRIL,19
2006,Pantanal,0,0,MAIO,104
2006,Pantanal,0,0,JUNHO,101
2006,Pantanal,0,0,JULHO,375
2006,Pantanal,0,0,AGOSTO,892
2006,Pantanal,0,0,SETEMBRO,1024
2006,Pantanal,0,0,OUTUBRO,266
2006,Pantanal,0,0,NOVEMBRO,254
2006,Pantanal,0,0,DEZEMBRO,23
2007,Pantanal,0,0,JANEIRO,6
2007,Pantanal,0,0,FEVEREIRO,13
2007,Pantanal,0,0,MARÇO,30
2007,Pantanal,0,0,ABRIL,68
2007,Pantanal,0,0,MAIO,101
2007,Pantanal,0,0,JUNHO,239
2007,Pantanal,0,0,JULHO,341
2007,Pantanal,0,0,AGOSTO,1858
2007,Pantanal,0,0,SETEMBRO,5498
2007,Pantanal,0,0,OUTUBRO,1481
2007,Pantanal,0,0,NOVEMBRO,189
2007,Pantanal,0,0,DEZEMBRO,45
2008,Pantanal,0,0,JANEIRO,14
2008,Pantanal,0,0,FEVEREIRO,13
2008,Pantanal,0,0,MARÇO,20
2008,Pantanal,0,0,ABRIL,28
2008,Pantanal,0,0,MAIO,48
2008,Pantanal,0,0,JUNHO,44
2008,Pantanal,0,0,JULHO,216
2008,Pantanal,0,0,AGOSTO,588
2008,Pantanal,0,0,SETEMBRO,1660
2008,Pantanal,0,0,OUTUBRO,1046
2008,Pantanal,0,0,NOVEMBRO,274
2008,Pantanal,0,0,DEZEMBRO,594
2009,Pantanal,0,0,JANEIRO,380
2009,Pantanal,0,0,FEVEREIRO,117
2009,Pantanal,0,0,MARÇO,71
2009,Pantanal,0,0,ABRIL,525
2009,Pantanal,0,0,MAIO,815
2009,Pantanal,0,0,JUNHO,308
2009,Pantanal,0,0,JULHO,311
2009,Pantanal,0,0,AGOSTO,695
2009,Pantanal,0,0,SETEMBRO,1127
2009,Pantanal,0,0,OUTUBRO,919
2009,Pantanal,0,0,NOVEMBRO,414
2009,Pantanal,0,0,DEZEMBRO,55
2010,Pantanal,0,0,JANEIRO,31
2010,Pantanal,0,0,FEVEREIRO,47
2010,Pantanal,0,0,MARÇO,88
2010,Pantanal,0,0,ABRIL,87
2010,Pantanal,0,0,MAIO,67
2010,Pantanal,0,0,JUNHO,247
2010,Pantanal,0,0,JULHO,511
2010,Pantanal,0,0,AGOSTO,1548
2010,Pantanal,0,0,SETEMBRO,3072
2010,Pantanal,0,0,OUTUBRO,1142
2010,Pantanal,0,0,NOVEMBRO,385
2010,Pantanal,0,0,DEZEMBRO,795
2011,Pantanal,0,0,JANEIRO,145
2011,Pantanal,0,0,FEVEREIRO,22
2011,Pantanal,0,0,MARÇO,2
2011,Pantanal,0,0,ABRIL,2
2011,Pantanal,0,0,MAIO,20
2011,Pantanal,0,0,JUNHO,42
2011,Pantanal,0,0,JULHO,105
2011,Pantanal,0,0,AGOSTO,309
2011,Pantanal,0,0,SETEMBRO,807
2011,Pantanal,0,0,OUTUBRO,562
2011,Pantanal,0,0,NOVEMBRO,873
2011,Pantanal,0,0,DEZEMBRO,643
2012,Pantanal,0,0,JANEIRO,188
2012,Pantanal,0,0,FEVEREIRO,83
2012,Pantanal,0,0,MARÇO,97
2012,Pantanal,0,0,ABRIL,38
2012,Pantanal,0,0,MAIO,115
2012,Pantanal,0,0,JUNHO,109
2012,Pantanal,0,0,JULHO,490
2012,Pantanal,0,0,AGOSTO,2698
2012,Pantanal,0,0,SETEMBRO,2518
2012,Pantanal,0,0,OUTUBRO,832
2012,Pantanal,0,0,NOVEMBRO,157
2012,Pantanal,0,0,DEZEMBRO,122
2013,Pantanal,0,0,JANEIRO,108
2013,Pantanal,0,0,FEVEREIRO,55
2013,Pantanal,0,0,MARÇO,115
2013,Pantanal,0,0,ABRIL,51
2013,Pantanal,0,0,MAIO,47
2013,Pantanal,0,0,JUNHO,17
2013,Pantanal,0,0,JULHO,129
2013,Pantanal,0,0,AGOSTO,440
2013,Pantanal,0,0,SETEMBRO,1201
2013,Pantanal,0,0,OUTUBRO,544
2013,Pantanal,0,0,NOVEMBRO,513
2013,Pantanal,0,0,DEZEMBRO,176
2014,Pantanal,0,0,JANEIRO,103
2014,Pantanal,0,0,FEVEREIRO,64
2014,Pantanal,0,0,MARÇO,23
2014,Pantanal,0,0,ABRIL,55
2014,Pantanal,0,0,MAIO,16
2014,Pantanal,0,0,JUNHO,27
2014,Pantanal,0,0,JULHO,90
2014,Pantanal,0,0,AGOSTO,134
2014,Pantanal,0,0,SETEMBRO,375
2014,Pantanal,0,0,OUTUBRO,459
2014,Pantanal,0,0,NOVEMBRO,184
2014,Pantanal,0,0,DEZEMBRO,37
2015,Pantanal,0,0,JANEIRO,95
2015,Pantanal,0,0,FEVEREIRO,51
2015,Pantanal,0,0,MARÇO,28
2015,Pantanal,0,0,ABRIL,29
2015,Pantanal,0,0,MAIO,36
2015,Pantanal,0,0,JUNHO,218
2015,Pantanal,0,0,JULHO,225
2015,Pantanal,0,0,AGOSTO,1025
2015,Pantanal,0,0,SETEMBRO,1181
2015,Pantanal,0,0,OUTUBRO,794
2015,Pantanal,0,0,NOVEMBRO,282
2015,Pantanal,0,0,DEZEMBRO,494
2016,Pantanal,0,0,JANEIRO,37
2016,Pantanal,0,0,FEVEREIRO,29
2016,Pantanal,0,0,MARÇO,18
2016,Pantanal,0,0,ABRIL,34
2016,Pantanal,0,0,MAIO,59
2016,Pantanal,0,0,JUNHO,93
2016,Pantanal,0,0,JULHO,542
2016,Pantanal,0,0,AGOSTO,966
2016,Pantanal,0,0,SETEMBRO,2000
2016,Pantanal,0,0,OUTUBRO,1066
2016,Pantanal,0,0,NOVEMBRO,215
2016,Pantanal,0,0,DEZEMBRO,125
2017,Pantanal,0,0,JANEIRO,261
2017,Pantanal,0,0,FEVEREIRO,73
2017,Pantanal,0,0,MARÇO,68
2017,Pantanal,0,0,ABRIL,38
2017,Pantanal,0,0,MAIO,48
2017,Pantanal,0,0,JUNHO,93
2017,Pantanal,0,0,JULHO,610
2017,Pantanal,0,0,AGOSTO,1092
2017,Pantanal,0,0,SETEMBRO,2588
2017,Pantanal,0,0,OUTUBRO,669
2017,Pantanal,0,0,NOVEMBRO,214
2017,Pantanal,0,0,DEZEMBRO,19
2018,Pantanal,0,0,JANEIRO,23
2018,Pantanal,0,0,FEVEREIRO,8
2018,Pantanal,0,0,MARÇO,14
2018,Pantanal,0,0,ABRIL,19
2018,Pantanal,0,0,MAIO,28
2018,Pantanal,0,0,JUNHO,46
2018,Pantanal,0,0,JULHO,190
2018,Pantanal,0,0,AGOSTO,275
2018,Pantanal,0,0,SETEMBRO,785
2018,Pantanal,0,0,OUTUBRO,120
2018,Pantanal,0,0,NOVEMBRO,20
2018,Pantanal,0,0,DEZEMBRO,163
2019,Pantanal,0,0,JANEIRO,337
2019,Pantanal,0,0,FEVEREIRO,211
2019,Pantanal,0,0,MARÇO,93
2019,Pantanal,0,0,ABRIL,33
2019,Pantanal,0,0,MAIO,68
2019,Pantanal,0,0,JUNHO,239
2019,Pantanal,0,0,JULHO,494
2019,Pantanal,0,0,AGOSTO,1690
2019,Pantanal,0,0,SETEMBRO,2887
2019,Pantanal,0,0,OUTUBRO,2430
2019,Pantanal,0,0,NOVEMBRO,1296
2019,Pantanal,0,0,DEZEMBRO,247
2020,Pantanal,0,0,JANEIRO,265
2020,Pantanal,0,0,FEVEREIRO,164
2020,Pantanal,0,0,MARÇO,602
2020,Pantanal,0,0,ABRIL,784
2020,Pantanal,0,0,MAIO,313
2020,Pantanal,0,0,JUNHO,406
2020,Pantanal,0,0,JULHO,1684
2020,Pantanal,0,0,AGOSTO,5935
2020,Pantanal,0,0,SETEMBRO,5682
2020,Pantanal,0,0,OUTUBRO,0
2020,Pantanal,0,0,NOVEMBRO,0
2020,Pantanal,0,0,DEZEMBRO,0
1998,Cerrado,0,0,JANEIRO,0
1998,Cerrado,0,0,FEVEREIRO,0
1998,Cerrado,0,0,MARÇO,0
1998,Cerrado,0,0,ABRIL,0
1998,Cerrado,0,0,MAIO,0
1998,Cerrado,0,0,JUNHO,1653
1998,Cerrado,0,0,JULHO,3986
1998,Cerrado,0,0,AGOSTO,14146
1998,Cerrado,0,0,SETEMBRO,17843
1998,Cerrado,0,0,OUTUBRO,8535
1998,Cerrado,0,0,NOVEMBRO,1095
1998,Cerrado,0,0,DEZEMBRO,448
1999,Cerrado,0,0,JANEIRO,188
1999,Cerrado,0,0,FEVEREIRO,469
1999,Cerrado,0,0,MARÇO,82
1999,Cerrado,0,0,ABRIL,382
1999,Cerrado,0,0,MAIO,856
1999,Cerrado,0,0,JUNHO,1757
1999,Cerrado,0,0,JULHO,3465
1999,Cerrado,0,0,AGOSTO,11933
1999,Cerrado,0,0,SETEMBRO,14455
1999,Cerrado,0,0,OUTUBRO,8354
1999,Cerrado,0,0,NOVEMBRO,1434
1999,Cerrado,0,0,DEZEMBRO,475
2000,Cerrado,0,0,JANEIRO,266
2000,Cerrado,0,0,FEVEREIRO,89
2000,Cerrado,0,0,MARÇO,114
2000,Cerrado,0,0,ABRIL,253
2000,Cerrado,0,0,MAIO,914
2000,Cerrado,0,0,JUNHO,2556
2000,Cerrado,0,0,JULHO,2530
2000,Cerrado,0,0,AGOSTO,6995
2000,Cerrado,0,0,SETEMBRO,10117
2000,Cerrado,0,0,OUTUBRO,9038
2000,Cerrado,0,0,NOVEMBRO,1149
2000,Cerrado,0,0,DEZEMBRO,372
2001,Cerrado,0,0,JANEIRO,182
2001,Cerrado,0,0,FEVEREIRO,109
2001,Cerrado,0,0,MARÇO,69
2001,Cerrado,0,0,ABRIL,304
2001,Cerrado,0,0,MAIO,713
2001,Cerrado,0,0,JUNHO,3606
2001,Cerrado,0,0,JULHO,3242
2001,Cerrado,0,0,AGOSTO,9541
2001,Cerrado,0,0,SETEMBRO,16623
2001,Cerrado,0,0,OUTUBRO,7702
2001,Cerrado,0,0,NOVEMBRO,1834
2001,Cerrado,0,0,DEZEMBRO,609
2002,Cerrado,0,0,JANEIRO,368
2002,Cerrado,0,0,FEVEREIRO,355
2002,Cerrado,0,0,MARÇO,391
2002,Cerrado,0,0,ABRIL,777
2002,Cerrado,0,0,MAIO,1884
2002,Cerrado,0,0,JUNHO,4210
2002,Cerrado,0,0,JULHO,7462
2002,Cerrado,0,0,AGOSTO,17815
2002,Cerrado,0,0,SETEMBRO,30105
2002,Cerrado,0,0,OUTUBRO,16744
2002,Cerrado,0,0,NOVEMBRO,5273
2002,Cerrado,0,0,DEZEMBRO,1802
2003,Cerrado,0,0,JANEIRO,654
2003,Cerrado,0,0,FEVEREIRO,587
2003,Cerrado,0,0,MARÇO,472
2003,Cerrado,0,0,ABRIL,1052
2003,Cerrado,0,0,MAIO,2475
2003,Cerrado,0,0,JUNHO,7079
2003,Cerrado,0,0,JULHO,10477
2003,Cerrado,0,0,AGOSTO,10140
2003,Cerrado,0,0,SETEMBRO,29227
2003,Cerrado,0,0,OUTUBRO,15008
2003,Cerrado,0,0,NOVEMBRO,4763
2003,Cerrado,0,0,DEZEMBRO,2179
2004,Cerrado,0,0,JANEIRO,452
2004,Cerrado,0,0,FEVEREIRO,376
2004,Cerrado,0,0,MARÇO,773
2004,Cerrado,0,0,ABRIL,970
2004,Cerrado,0,0,MAIO,2975
2004,Cerrado,0,0,JUNHO,7047
2004,Cerrado,0,0,JULHO,8804
2004,Cerrado,0,0,AGOSTO,12473
2004,Cerrado,0,0,SETEMBRO,33509
2004,Cerrado,0,0,OUTUBRO,15148
2004,Cerrado,0,0,NOVEMBRO,8243
2004,Cerrado,0,0,DEZEMBRO,2792
2005,Cerrado,0,0,JANEIRO,587
2005,Cerrado,0,0,FEVEREIRO,869
2005,Cerrado,0,0,MARÇO,536
2005,Cerrado,0,0,ABRIL,1071
2005,Cerrado,0,0,MAIO,1968
2005,Cerrado,0,0,JUNHO,3383
2005,Cerrado,0,0,JULHO,7454
2005,Cerrado,0,0,AGOSTO,14627
2005,Cerrado,0,0,SETEMBRO,24521
2005,Cerrado,0,0,OUTUBRO,23550
2005,Cerrado,0,0,NOVEMBRO,5251
2005,Cerrado,0,0,DEZEMBRO,1930
2006,Cerrado,0,0,JANEIRO,1001
2006,Cerrado,0,0,FEVEREIRO,413
2006,Cerrado,0,0,MARÇO,498
2006,Cerrado,0,0,ABRIL,584
2006,Cerrado,0,0,MAIO,1650
2006,Cerrado,0,0,JUNHO,3415
2006,Cerrado,0,0,JULHO,6442
2006,Cerrado,0,0,AGOSTO,11705
2006,Cerrado,0,0,SETEMBRO,16566
2006,Cerrado,0,0,OUTUBRO,7524
2006,Cerrado,0,0,NOVEMBRO,5274
2006,Cerrado,0,0,DEZEMBRO,1808
2007,Cerrado,0,0,JANEIRO,755
2007,Cerrado,0,0,FEVEREIRO,402
2007,Cerrado,0,0,MARÇO,1118
2007,Cerrado,0,0,ABRIL,964
2007,Cerrado,0,0,MAIO,2924
2007,Cerrado,0,0,JUNHO,7051
2007,Cerrado,0,0,JULHO,10548
2007,Cerrado,0,0,AGOSTO,35678
2007,Cerrado,0,0,SETEMBRO,49980
2007,Cerrado,0,0,OUTUBRO,22008
2007,Cerrado,0,0,NOVEMBRO,4939
2007,Cerrado,0,0,DEZEMBRO,1551
2008,Cerrado,0,0,JANEIRO,421
2008,Cerrado,0,0,FEVEREIRO,321
2008,Cerrado,0,0,MARÇO,339
2008,Cerrado,0,0,ABRIL,590
2008,Cerrado,0,0,MAIO,1320
2008,Cerrado,0,0,JUNHO,2632
2008,Cerrado,0,0,JULHO,5229
2008,Cerrado,0,0,AGOSTO,8643
2008,Cerrado,0,0,SETEMBRO,15477
2008,Cerrado,0,0,OUTUBRO,17024
2008,Cerrado,0,0,NOVEMBRO,5486
2008,Cerrado,0,0,DEZEMBRO,1452
2009,Cerrado,0,0,JANEIRO,676
2009,Cerrado,0,0,FEVEREIRO,403
2009,Cerrado,0,0,MARÇO,461
2009,Cerrado,0,0,ABRIL,448
2009,Cerrado,0,0,MAIO,836
2009,Cerrado,0,0,JUNHO,1641
2009,Cerrado,0,0,JULHO,4224
2009,Cerrado,0,0,AGOSTO,6492
2009,Cerrado,0,0,SETEMBRO,9851
2009,Cerrado,0,0,OUTUBRO,5526
2009,Cerrado,0,0,NOVEMBRO,4195
2009,Cerrado,0,0,DEZEMBRO,1146
2010,Cerrado,0,0,JANEIRO,717
2010,Cerrado,0,0,FEVEREIRO,751
2010,Cerrado,0,0,MARÇO,883
2010,Cerrado,0,0,ABRIL,1438
2010,Cerrado,0,0,MAIO,2508
2010,Cerrado,0,0,JUNHO,6443
2010,Cerrado,0,0,JULHO,12359
2010,Cerrado,0,0,AGOSTO,35226
2010,Cerrado,0,0,SETEMBRO,52491
2010,Cerrado,0,0,OUTUBRO,14419
2010,Cerrado,0,0,NOVEMBRO,4623
2010,Cerrado,0,0,DEZEMBRO,1536
2011,Cerrado,0,0,JANEIRO,456
2011,Cerrado,0,0,FEVEREIRO,321
2011,Cerrado,0,0,MARÇO,308
2011,Cerrado,0,0,ABRIL,703
2011,Cerrado,0,0,MAIO,1376
2011,Cerrado,0,0,JUNHO,3378
2011,Cerrado,0,0,JULHO,5366
2011,Cerrado,0,0,AGOSTO,11387
2011,Cerrado,0,0,SETEMBRO,26468
2011,Cerrado,0,0,OUTUBRO,7656
2011,Cerrado,0,0,NOVEMBRO,2889
2011,Cerrado,0,0,DEZEMBRO,1374
2012,Cerrado,0,0,JANEIRO,421
2012,Cerrado,0,0,FEVEREIRO,478
2012,Cerrado,0,0,MARÇO,764
2012,Cerrado,0,0,ABRIL,1092
2012,Cerrado,0,0,MAIO,1896
2012,Cerrado,0,0,JUNHO,3817
2012,Cerrado,0,0,JULHO,9362
2012,Cerrado,0,0,AGOSTO,22737
2012,Cerrado,0,0,SETEMBRO,30053
2012,Cerrado,0,0,OUTUBRO,16515
2012,Cerrado,0,0,NOVEMBRO,1830
2012,Cerrado,0,0,DEZEMBRO,1635
2013,Cerrado,0,0,JANEIRO,475
2013,Cerrado,0,0,FEVEREIRO,604
2013,Cerrado,0,0,MARÇO,613
2013,Cerrado,0,0,ABRIL,706
2013,Cerrado,0,0,MAIO,1418
2013,Cerrado,0,0,JUNHO,2684
2013,Cerrado,0,0,JULHO,4761
2013,Cerrado,0,0,AGOSTO,8496
2013,Cerrado,0,0,SETEMBRO,12615
2013,Cerrado,0,0,OUTUBRO,7696
2013,Cerrado,0,0,NOVEMBRO,2370
2013,Cerrado,0,0,DEZEMBRO,1579
2014,Cerrado,0,0,JANEIRO,567
2014,Cerrado,0,0,FEVEREIRO,315
2014,Cerrado,0,0,MARÇO,497
2014,Cerrado,0,0,ABRIL,897
2014,Cerrado,0,0,MAIO,1673
2014,Cerrado,0,0,JUNHO,3849
2014,Cerrado,0,0,JULHO,6220
2014,Cerrado,0,0,AGOSTO,15525
2014,Cerrado,0,0,SETEMBRO,15523
2014,Cerrado,0,0,OUTUBRO,16357
2014,Cerrado,0,0,NOVEMBRO,3085
2014,Cerrado,0,0,DEZEMBRO,1363
2015,Cerrado,0,0,JANEIRO,1096
2015,Cerrado,0,0,FEVEREIRO,383
2015,Cerrado,0,0,MARÇO,528
2015,Cerrado,0,0,ABRIL,634
2015,Cerrado,0,0,MAIO,1174
2015,Cerrado,0,0,JUNHO,3313
2015,Cerrado,0,0,JULHO,4662
2015,Cerrado,0,0,AGOSTO,12684
2015,Cerrado,0,0,SETEMBRO,23795
2015,Cerrado,0,0,OUTUBRO,19531
2015,Cerrado,0,0,NOVEMBRO,4731
2015,Cerrado,0,0,DEZEMBRO,2563
2016,Cerrado,0,0,JANEIRO,392
2016,Cerrado,0,0,FEVEREIRO,1048
2016,Cerrado,0,0,MARÇO,767
2016,Cerrado,0,0,ABRIL,1449
2016,Cerrado,0,0,MAIO,1782
2016,Cerrado,0,0,JUNHO,3187
2016,Cerrado,0,0,JULHO,8675
2016,Cerrado,0,0,AGOSTO,13730
2016,Cerrado,0,0,SETEMBRO,13256
2016,Cerrado,0,0,OUTUBRO,9968
2016,Cerrado,0,0,NOVEMBRO,3647
2016,Cerrado,0,0,DEZEMBRO,932
2017,Cerrado,0,0,JANEIRO,491
2017,Cerrado,0,0,FEVEREIRO,376
2017,Cerrado,0,0,MARÇO,687
2017,Cerrado,0,0,ABRIL,696
2017,Cerrado,0,0,MAIO,1428
2017,Cerrado,0,0,JUNHO,2858
2017,Cerrado,0,0,JULHO,6258
2017,Cerrado,0,0,AGOSTO,10815
2017,Cerrado,0,0,SETEMBRO,26975
2017,Cerrado,0,0,OUTUBRO,12393
2017,Cerrado,0,0,NOVEMBRO,2345
2017,Cerrado,0,0,DEZEMBRO,1440
2018,Cerrado,0,0,JANEIRO,521
2018,Cerrado,0,0,FEVEREIRO,235
2018,Cerrado,0,0,MARÇO,842
2018,Cerrado,0,0,ABRIL,549
2018,Cerrado,0,0,MAIO,1729
2018,Cerrado,0,0,JUNHO,2922
2018,Cerrado,0,0,JULHO,5220
2018,Cerrado,0,0,AGOSTO,7992
2018,Cerrado,0,0,SETEMBRO,11467
2018,Cerrado,0,0,OUTUBRO,5041
2018,Cerrado,0,0,NOVEMBRO,1763
2018,Cerrado,0,0,DEZEMBRO,1168
2019,Cerrado,0,0,JANEIRO,1213
2019,Cerrado,0,0,FEVEREIRO,574
2019,Cerrado,0,0,MARÇO,936
2019,Cerrado,0,0,ABRIL,753
2019,Cerrado,0,0,MAIO,1719
2019,Cerrado,0,0,JUNHO,4088
2019,Cerrado,0,0,JULHO,5346
2019,Cerrado,0,0,AGOSTO,12906
2019,Cerrado,0,0,SETEMBRO,22989
2019,Cerrado,0,0,OUTUBRO,8356
2019,Cerrado,0,0,NOVEMBRO,3251
2019,Cerrado,0,0,DEZEMBRO,1743
2020,Cerrado,0,0,JANEIRO,662
2020,Cerrado,0,0,FEVEREIRO,709
2020,Cerrado,0,0,MARÇO,890
2020,Cerrado,0,0,ABRIL,1158
2020,Cerrado,0,0,MAIO,1481
2020,Cerrado,0,0,JUNHO,3487
2020,Cerrado,0,0,JULHO,5663
2020,Cerrado,0,0,AGOSTO,10155
2020,Cerrado,0,0,SETEMBRO,16109
2020,Cerrado,0,0,OUTUBRO,0
2020,Cerrado,0,0,NOVEMBRO,0
2020,Cerrado,0,0,DEZEMBRO,0
